host,platform,sessions,users
jetbahis805.com,WEB,13111,4175
jetbahis822.com,WEB,10633,2733
jetbahis820.com,WEB,10178,2772
jetbahis812.com,WEB,9324,2790
jetbahis808.com,WEB,8586,2854
jetbahis824.com,WEB,8502,2556
jetbahis803.com,WEB,8162,3279
jetbahis814.com,WEB,6750,2222
jetbahis804.com,WEB,6011,2500
jetbahis823.com,WEB,4701,1719
jetbahis816.com,WEB,4230,1570
jetbahis815.com,WEB,4151,1664
jetbahis810.com,WEB,3371,1496
jetbahis813.com,WEB,3254,1481
jetbahis819.com,WEB,3072,1373
jetbahis802.com,WEB,3007,1924
jetbahis821.com,WEB,2992,1263
jetbahis825.com,WEB,2958,1462
jetbahis817.com,WEB,2737,1267
jetbahis811.com,WEB,2462,1267
jetbahis806.com,WEB,2459,1402
jetbahis807.com,WEB,2341,1284
jetbahis818.com,WEB,1966,991
jetbahis826.com,WEB,1955,1113
jetbahis809.com,WEB,1845,1217
jetbahis827.com,WEB,112,107
jetbahis829.com,WEB,2,1
jetbahis830.com,WEB,0,0
jetbahis831.com,WEB,0,0
jetbahis828.com,WEB,0,0
jetbahis725.com,WEB,0,0